TITLE,CODE
Abacus,AC00
Accounting & Finance,AC00
Accounting Perspectives,AC10
Australian Accounting Review,AC00
Contemporary Accounting Research,AC10
Fiscal Studies,EC60
International Journal of Auditing,AC35
Journal of Accounting Research,AC10
Journal of Business Finance & Accounting,AC30
Journal of International Financial Management & Accounting,FI04
Public Budgeting and Finance,FI00
Aquaculture Nutrition,AQ00
Aquaculture Research,AQ00
Aquatic Conservation: Marine and Freshwater Ecosystems,LS28
Fish and Fisheries,AQ00
Fisheries,AQ00
Fisheries Management & Ecology,AQ00
Fisheries Oceanography,AQ00
Fisheries Science,AQ10
Journal of Applied Ichthyology,AQ00
Journal of Aquatic Animal Health,AQ00
Journal of Fish Biology,AQ00
Journal of Fish Diseases,AQ00
Journal of the World Aquaculture Society,AQ10
Marine and Coastal Fisheries,AQ00
North American Journal of Aquaculture,AQ00
North American Journal of Fisheries Management,AQ00
Reviews in Aquaculture,AQ00
Transactions of the American Fisheries Society,AQ00
Agricultural & Environmental Letters,AG00
Agronomy Journal,AG30
"Agrosystems, Geosciences & Environment",AG00
Crop Science,LS68
"Crop, Forage & Turfgrass Management",AG30
Crops & Soils,AG30
Grass & Forage Science,AG00
Grassland Science,AGA0
International Turfgrass Society Research Journal,AG30
Journal of Agronomy and Crop Science,AG00
Journal of Environmental Quality,EN10
Journal of Plant Registrations,LS68
Natural Sciences Education,EDZ0
Soil Science & Plant Nutrition,ES18
Soil Science Society of America Journal,AG31
The Plant Genome,LS68
The Plant Phenome Journal,LS90
Urban Agriculture & Regional Food Systems,FO20
Vadose Zone Journal,AGZ0
Weed Biology and Management,AG50
Weed Research,AG50
Allergy,MD20
American Journal of Reproductive Immunology,MD20
Apmis,MD17
Clinical & Experimental Allergy,MD20
Clinical & Experimental Allergy Reviews,MD20
Clinical & Experimental Immunology,MD17
European Journal of Immunology,MD17
Immunological Reviews,MD20
Immunology,MD17
ImmunoMedicine,MD22
International Forum of Allergy & Rhinology,MD20
International Journal of Immunogenetics,MD17
Journal of Cutaneous Immunology and Allergy,MD00
Parasite Immunology,MD17
Pediatric Allergy and Immunology,MD20
Scandinavian Journal of Immunology,MD17
Tissue Antigens,MD52
Acta Anaesthesiologica Scandinavica,MD30
Anaesthesia,MD30
European Journal of Pain,MD32
European Journal of Pain Supplements,MD32
Pain Medicine,MD32
Pain Practice,MD32
Acta Physiologica,MD1C
"Anatomia, Histologia, Embryologia",LS10
Anatomical Sciences Education,LS10
Clinical Anatomy,LS10
Experimental Physiology,LS10
JBMR Plus,LS10
JOR Spine,LS10
Journal of Anatomy,LS10
Journal of Bone and Mineral Research,LS10
Journal of Diabetes Investigation,MD81
Journal of Morphology,LS00
Journal of Orthopaedic Research,MDU8
Physiological Reports,LS10
The Anatomical Record: Advances in Integrative Anatomy and Evolutionary Biology,LS10
The Journal of Physiology,LS10
American Anthropologist,AN00
American Ethnologist,AN05
American Journal of Physical Anthropology,AN30
Annals of Anthropological Practice,AN55
Anthropology & Education Quarterly,AN40
Anthropology & Humanism,ANZ0
Anthropology News,AN00
Anthropology of Consciousness,AN44
Anthropology of Work Review,AN20
Anthropology Today,AN00
Archaeology in Oceania,AN00
Cultural Anthropology,AN40
"Culture, Agriculture, Food and Environment",ANZ0
Economic Anthropology,AN00
Ethnographic Praxis in Industry Conference,AN00
Ethos,AN40
General Anthropology Bulletin of the General Anthropology Division,AN00
Journal for the Anthropology of North America,AN55
Journal of Latin American & Caribbean Anthropology,AN00
Journal of Linguistic Anthropology,AN60
Journal of the Society For the Anthropology of Europe,AN53
Medical Anthropology Quarterly,AN45
Museum Anthropology,AN41
North American Dialogue,AN55
Oceania,AN00
Polar: Political and Legal Anthropology Review,AN20
Social Anthropology,AN00
The Australian Journal of Anthropology,AN00
The Journal of the Royal Anthropological Institute,AN00
Transforming Anthropology,AN43
Visual Anthropology Review,AN41
Acta Archaeologica,AH31
Arabian Archaeology and Epigraphy,AH35
Archaeometry,AH10
Archeological Papers of the American Anthropological Association,AH10
Geoarchaeology: An International Journal,ES18
International Journal of Nautical Archaeology,HI00
Oxford Journal of Archaeology,AH00
Architectural Design,AR20
Bauphysik,CE00
Bautechnik,CE00
Beton- Und Stahlbetonbau,CE00
DIBt Mitteilungen,CE00
Indoor Air,HE50
Japan Architectural Review,AR00
Journal of Architectural Education,AR00
Journal of Interior Design,AR40
Mauerwerk,CE00
Stahlbau,CE00
The Structural Design of Tall and Special  Buildings,CE06
Astronomische Nachrichten,PH10
Astronomy & Geophysics,PH10
Monthly Notices of the Royal Astronomical Society,PH10
Monthly Notices of the Royal Astronomical Society:  Letters (Electronic),PH10
Clinical & Translational Immunology,MD17
Current Protocols in Immunology,MD17
"Immunity, Inflammation and Disease",MD17
Immunology and Cell Biology,MD17
Journal of Leukocyte Biology,MD17
Bioengineering & Translational Medicine,CHB0
Current Protocols in Chemical Biology,CHB0
Molecular Oncology,LS36
Learning Health Systems,BE30
Asia Pacific Journal of Human Resources,BA00
Australian Journal of Public Administration,PO00
Board & Administrator For Administrators Only,BA93
Board Leadership: Policy Governance in Action,BA14
British Journal of Industrial Relations,BA51
British Journal of Management,BA10
Bruce R Hopkins' Nonprofit Counsel,BA91
Business and Society Review,BA70
Business Ethics: A European Review,BA71
Business Strategy Review,BA00
Canadian Journal of Administrative Sciences,BA10
Canadian Public Administration/Administration Publique Du Canada,PO71
Citplus,BA00
Conflict Resolution Quarterly,LA55
Consumer Psychology Review,BAZ0
Corporate Governance,BA17
Corporate Philanthropy Report,BAZ0
Creativity and Innovation Management,BA18
Decision Sciences,BA23
Decision Sciences Journal of Innovative Education,BA23
Employment Relations Today,BA02
Entrepreneurship Theory and Practice,BA70
European Management Review,BA10
Federal Grants & Contracts,BA91
Futures & Foresight Science,BA23
Global Business and Organizational Excellence,BA13
Global Strategy Journal,BA12
Human Resource Development Quarterly,BA61
Human Resource Management,BA50
Human Resource Management Journal,BA50
Industrial Relations,BA51
Industrial Relations Journal,BA51
"Intelligent Systems in Accounting, Finance &  Management: International Journal",BA11
International Insolvency Review,BA00
International Journal of Consumer Studies,BA80
International Journal of Management Reviews,BA13
International Journal of Nonprofit & Voluntary Sector Marketing,BA96
International Journal of Selection and Assessment,BA50
International Journal of Tourism Research,BA00
International Journal of Training and Development,BA60
International Labour Review,ECB0
International Review of Industrial &  Organizational Psychology,BA00
International Transactions in Operational Research,BA11
Journal of Behavioral Decision Making,BA23
Journal of Business Logistics,BA10
Journal of Consumer Affairs,BA81
Journal of Consumer Behaviour,BA86
Journal of Consumer Psychology,BAZ0
Journal of Corporate Accounting & Finance,AC30
Journal of Economics & Management Strategy,EC90
Journal of Forecasting,EC00
Journal of Labor and Society,BA51
Journal of Leadership Studies,BA20
Journal of Management Studies,BA10
Journal of Multi Criteria Decision Analysis,BA23
Journal of Organizational Behavior,BA21
Journal of Policy Analysis and Management,PO71
Journal of Psychological Issues in Organizational Culture,PS70
Journal of Public Affairs,BA00
Journal of Small Business Management,BA12
Journal of Supply Chain Management,BA30
Knowledge and Process Management: the Journal of Corporate Transformation,BA22
Labour,EC00
Leader To Leader,BA93
Linnean Society Newsletter,LS40
Management and Organization Review,BA13
National Civic Review,PO70
Negotiation and Conflict Management Research,LA55
New Horizons in Adult Education and Human Resource  Development,BA60
"New Technology, Work and Employment",BA03
Nonprofit Business Advisor,BA91
Nonprofit Communications Report,BA96
Nonprofit Management & Leadership,BA14
Performance Improvement,BA00
Performance Improvement Quarterly,BA66
Production and Operations Management,BA30
Project Management Journal,BA31
Psychology & Marketing,BA81
Public Administration,PO00
Public Administration Review,PO71
Quality Assurance Journal,BA00
R & D Management,BA00
Research World,BA80
Revista Internacional Del Trabajo,ECB0
Revue Internationale Du Travail,ECB0
Special Events Galore,BA90
Strategic Change,FI10
Strategic Entrepreneurship Journal,BAC0
Strategic Management Journal,BA12
Successful Fundraising,BA94
System Dynamics Review (The Journal of the System  Dynamics Society),BA10
Systems Research & Behavioral Science,BA10
The Journal of Product Innovation Management,BA18
The Major Gifts Report,BA60
The Membership Management Report,BA94
The Volunteer Management Report,BA93
Thunderbird International Business Review,BA13
Workingusa,BA51
American Heart Hospital Journal,MD40
American Journal of Geriatric Cardiology,MD40
Annals of Noninvasive Electrocardiology,MD40
Cardiovascular Therapeutics,MD40
Catheterization and Cardiovascular Interventions,MD40
Clinical Cardiology,MD40
Congenital Heart Disease,MD40
Congestive Heart Failure,MD40
Continuing Cardiology Education,MD40
Echocardiography,MD40
ESC Heart Failure,MD44
European Journal of Heart Failure,MD44
Journal of Arrhythmia,MD40
Journal of Cardiovascular Electrophysiology,MD40
Journal of Clinical Hypertension,MD40
Journal of Interventional Cardiology,MD40
Journal of the American Heart Association Cardiovascular and Cerebrovascular Disease,MD40
Pacing and Clinical Electrophysiology,MD40
Preventive Cardiology,MD40
Aging Cell,LS32
Bioessays,LS30
Biology of the Cell,LS30
Cell Biochemistry and Function,LS32
Cell Biology International,LS30
Cell Biology International Reports,LS30
Cell Proliferation,LS32
Chemical Biology & Drug Design,LS36
Current Protocols in Cell Biology,LS30
Current Protocols in Cytometry,LS30
Current Protocols in Essential Laboratory Techniques,LS35
Current Protocols in Molecular Biology,LS30
Current Protocols in Molecular Biology,LS30
Current Protocols in Mouse Biology,LS30
Current Protocols in Nucleic Acid Chemistry,LS30
Current Protocols in Protein Science,LS30
Current Protocols in Stem Cell Biology,LS30
Cytometry,LS30
Cytometry Part B: Clinical Cytometry,LS30
Cytoskeleton,LS30
Electrophoresis,CHB0
Embo Molecular Medicine,MD50
Genes To Cells,LS30
Human Cell,MD12
Journal of Cellular Biochemistry,LS34
Journal of Cellular Physiology,LS33
Journal of Extracellular Vesicles,LS30
Molecular Reproduction & Development,LS30
Molecular Systems Biology,LS30
Peptide Science,LS36
Photochemistry & Photobiology,LS30
Pigment Cell & Melanoma Research,LS32
Proteomics,LS30
Proteomics - Clinical Applications,LS30
Regeneration,LS30
Stem Cells,LS30
STEM CELLS Translational Medicine,MD52
The EMBO Journal,LS30
The EMBO Reports,LS30
Traffic,LS30
Wiley Interdisciplinary Reviews - Developmental,MD13
Wiley Interdisciplinary Reviews - RNA,LS36
Wiley Interdisciplinary Reviews - System Biology and Medicine,MD1C
Wiley Interdisciplinary Reviews: Membrane Transport and Signaling,LS30
Clinical and Experimental Neuroimmunology,MDF0
Journal of Cellular and Molecular Medicine,MD50
Asia-Pacific Journal of Chemical Engineering,CG00
Energy Technology,CG00
Journal of Advanced Manufacturing and Processing,CG00
Navigation,CE90
The Canadian Journal of Chemical Engineering,CG00
Acta Crystallographica Section A,CH19
Acta Crystallographica Section B,CH19
Acta Crystallographica Section C,CH19
Acta Crystallographica Section D,CH19
Acta Crystallographica Section E (Electronic),CH19
Acta Crystallographica Section F (Electronic),CH19
Advanced Synthesis & Catalysis (Previously: Journal Fuer Praktische Chemie),CH80
AICHE Journal,CG00
Angewandte Chemie,CH00
Angewandte Chemie International Edition,CH00
Applied Organometallic Chemistry,CH80
Archiv Der Pharmazie,CH60
Archives of Insect Biochemistry and Physiology,LS85
Asian Journal of Organic Chemistry,CH80
Berichte Zur Wissenschaftsgeschichte,CG11
Biofactors,LS36
"Biofuels, Bioproducts and Biorefining",CHC0
Biomedical Chromatography,CH11
Biopolymers,LS36
Bulletin of the Korean Chemical Society,CH00
ChemBioChem,CHB0
ChemBioEng Reviews,CG00
ChemBioEng Reviews,CH00
ChemCatChem,CH40
ChemElectroChem,CHA0
Chemical Engineering & Technology (CET),CH30
Chemie in Unserer Zeit (CHIUZ),CH00
Chemie-Ingenieur-Technik (CIT),CG00
Cheminform,CH80
Chemistry - A European Journal,CH00
Chemistry - An Asian Journal,CH00
Chemistry & Biodiversity,CH60
ChemistryOpen,CH00
ChemistrySelect,CH00
CHEMKON,CH00
ChemMedChem,CH60
ChemPhysChem,CH90
ChemPlusChem,CH00
"ChemSusChem Chemistry and Sustainability, Energy & Materials",CHC0
Chinese Journal of Chemistry,CH00
Chirality,CH80
Color Research & Application,CH30
Coloration Technology,CH32
Concepts in Magnetic Resonance,MDP0
Concepts in Magnetic Resonance Part B,MDP0
Drug Testing and Analysis,CH10
Electroanalysis,CH10
Environmental Toxicology & Chemistry,EN61
European Journal of Inorganic Chemistry,CH70
European Journal of Organic Chemistry,CH80
FEBS Journal,LS36
FEBS Letters,LS36
FEBS Open Bio,LS36
Flavour and Fragrance Journal,CH33
Fuel Cells,CHA1
Helvetica Chimica Acta,CH00
Heteroatom Chemistry,CH80
International Journal of Chemical Kinetics,CH96
International Journal of Quantum Chemistry,CH95
Israel Journal of Chemistry,CH00
Journal of Applied Crystallography,CH19
Journal of Applied Toxicology,CH63
Journal of Biochemical and Molecular Toxicology,CH63
Journal of Chemical Technology & Biotechnology,CG00
Journal of Chemometrics,CH12
Journal of Computational Chemistry,CHD0
Journal of Forensic Sciences,LSF0
Journal of Heterocyclic Chemistry,CH80
Journal of Labelled Compounds and  Radiopharmaceuticals,CH81
Journal of Mass Spectrometry  (Incorp Biological  Mass Spectrometry),CH16
Journal of Molecular Recognition,CHB0
Journal of Peptide Science,CHB1
Journal of Pharmaceutical Sciences,CH62
Journal of Physical Organic Chemistry,CH82
Journal of Raman Spectroscopy,CH15
"Journal of Separation Science, Jss",CH11
Journal of Synchrotron Radiation,CH19
Journal of the Chinese Chemical Society,CH00
Journal of the Science of Food and Agriculture,FO00
Limnology and Oceanography Letters,ES31
Luminescence: the Journal of Biological and  Chemical Luminescence,CH10
Lvt,CH30
Magnetic Resonance in Chemistry,CH17
Mass Spectrometry Reviews,CH16
Medicinal Research Reviews,CH60
Molecular Informatics,CHD0
Pest Management Science  (Formerly: Pesticide Science),AG50
Pharmaceutical Formulation Quality,FO00
Pharmazie in Unserer Zeit (Pharmuz),MDM2
Phytochemical Analysis,CH10
Plastics Engineering,PY00
Process Safety Progress,CG14
"Propellants, Explosives, Pyrotechnics",CH00
Protein Science,CHB4
"Proteins: Structure, Function and Bioinformatics",CHB4
Rapid Communications in Mass Spectrometry,CH16
Science News,LS00
Separation Science Plus,CH11
Spectroscopy Asia,CH15
Spectroscopy Europe,CH15
Starch / Staerke,FO25
The Chemical Record,CH00
Unternehmerbrief Bauwirtschaft,CE00
Vietnam Journal of Chemistry,CH00
Wiley Interdisciplinary Reviews - Computational,CHD0
X-Ray Spectrometry,CH15
Zaac-Journal of Inorganic and General Chemistry,CH70
"Bauregelliste A, Bauregelliste B Und Liste C",CE00
CE/Papers,CE00
ce/papers,CE00
Computer-Aided Civil and Infrastructure Engineering,CE00
Earthquake Engineering and Structural Dynamics,CE06
Environmental Progress & Sustainable Energy,CE40
Environmental Progress & Sustainable Energy,CE40
Fire and Materials,CE00
Geomechanics and Tunnelling,CE00
Geotechnik,CE00
Ground Water,ES71
Ground Water Monitoring & Remediation,ES71
Hydrological Processes,ES70
International Journal For Numerical and Analytical Methods in Geomechanics,MEA0
International Journal of Energy Research,EG40
Irrigation and Drainage,ES73
Journal AWWA,CE42
Journal of Advanced Transportation,CE90
Journal of Flood Risk Management,ES73
Journal of the American Water Resources Association,EN60
Naval Engineers Journal,CE00
Navigation,CE90
OpFlow : Practical ideas for water operators,CE42
Steel Construction - Design and Research,CE00
Structural Concrete,CE00
Structural Control and Health Monitoring Incorporating Progress in Structural Eng/Material,CE06
Bulletin of the Institute of Classical Studies,CL00
The Psychoanalytic Quarterly,PS79
Journal of Creative Behavior,PS20
Communication Theory,CO34
"Communication, Culture & Critique",CO34
Human Communication Research,CO30
Journal of Communication,CO30
Journal of Computer-Mediated Communication,CO13
Annual Review of Information Science & Technology (Electronic),CS00
Bell Labs Technical Journal,EE25
Bulletin of the American Society For Information Science & Technology (Electronic),CS00
CAAI Transactions on Intelligence Technology,CS00
Cognitive Computation and Systems,CS00
Computational Intelligence,CS00
Computer Animation and Virtual Worlds (Prev: Jnl of Visualisation & Computer Animation),CSC0
Computer Graphics Forum,CSC0
Concurrency and Computation: Practice & Experience,CS50
IBC Conference Proceedings,CS00
IET Biometrics,CS00
IET Blockchain,CS00
IET Collaborative Intelligent Manufacturing,CS00
IET Computers & Digital Techniques,CS00
IET Information Security,CS00
IET Networks,CS00
IET Software,CS00
International Journal of Network Management,EE20
Journal of Software Maintenance and Evolution: Research and Practice,CS50
Journal of the American Society For Information  Science and Technology,CS00
MLQ - Mathematical Logic Quarterly,MA70
"Software Testing, Verification & Reliability",CS50
Software:Practice and Experience,CS50
Criminology,LA70
Criminology and Public Policy,LA70
The Howard Journal of Criminal Justice,LA00
The Journal of American Culture,CU30
The Journal of Popular Culture,CU02
Australian Dental Journal,DN00
Australian Endodontic Journal,DN11
Clinical Advances in Periodontics,DN00
Clinical and Experimental Dental Research,DN00
Clinical Implant Dentistry and Related Research,DN60
Clinical Oral Implants Research,DN60
Community Dentistry and Oral Epidemiology,DN00
Dental Traumatology,DN50
Endodontic Topics,DN11
European Journal of Dental Education,DN72
European Journal of Oral Sciences,DN40
Gerodontology,DN90
International Dental Journal,DN00
International Endodontic Journal,DN11
International Journal of Dental Hygiene,DNA0
International Journal of Paediatric Dentistry,DN80
Journal of Clinical Periodontology,DN13
Journal of Esthetic and Restorative Dentistry,DN14
Journal of Investigative and Clinical Dentistry,DN11
Journal of Oral Pathology & Medicine,DN30
Journal of Oral Rehabilitation,DN10
Journal of Periodontal Research,DN13
Journal of Periodontology,DN00
Journal of Prosthodontics,DN12
Journal of Public Health Dentistry,DN72
Molecular Oral Microbiology,DN43
Oral Diseases,DN40
Oral Surgery,DN20
Orthodontics & Craniofacial Research,DNB0
Periodontology 2000,DN13
Special Care in Dentistry,DNZ0
Australasian Journal of Dermatology,MD60
British Journal of Dermatology,MD60
Clinical & Experimental Dermatology,MD60
Contact Dermatitis,MD60
Dermatologic Surgery,MD60
Dermatologic Therapy,MD60
Dermatological Reviews,MD60
Experimental Dermatology,MD60
International Journal of Cosmetic Science,MD60
International Journal of Dermatology,MD60
International Wound Journal,MD60
Journal Der Deutschen Dermatologischen Gesellschaft,MD60
Journal of Cosmetic Dermatology,MD60
Journal of Cutaneous Pathology,MD60
Journal of the European Academy of Dermatology & Venereology,MD60
Mycoses,MD60
Pediatric Dermatology,MD60
"Photodermatology, Photoimmunology & Photomedicine",MD60
Skin Health and Disease,MD60
Skin Research and Technology,MD60
The Journal of Dermatology,MD60
Design Management Journal,AA30
Design Management Review,AA30
"Africa Research Bulletin: Economic, Financial and Technical Series",DS00
African Development Review,DS00
Business Strategy and Development,DS00
Developing World Bioethics,PL22
Development and Change,DS00
Development Policy Review,DS00
Disasters,DS00
IDS Bulletin,DS00
IDS Development Bibliographies,DS00
IDS in Focus Policy Briefing,DS00
IDS Practice Papers,DS00
IDS Research Reports,DS00
IDS Working Papers,DS00
International Migration,DS00
International Migration Review,SOG0
Population and Development Review,SOG0
Public Administration & Development,DS00
Review of Development Economics,EC50
Review of Urban & Regional Development Studies,US00
The Developing Economies,EC50
Expert Systems,EE00
Acta Geologica Sinica (English Edition),ES00
Archaeological Prospection,EEC1
AWWA Water Science,ES73
Basin Research,ES10
Boreas,ES19
Chinese Journal of Geophysics,ES12
"Clean - Soil, Air, Water",CH20
Earth and Planetary Physics,ES00
Earth and Space Science,ES12
Earth Surface Processes and Landforms,ES17
Ecohydrology,ES70
Environmental Toxicology,CH63
"Eos, Transactions of the American Geophysical Union",ES10
European Journal of Soil Science,ES18
Geobiology,ES1A
"Geochemistry, Geophysics, Geosystems",ES10
Geofluids,ES10
Geological Journal,ES10
Geology Today,ES00
Geophysical Journal International,ES10
Geophysical Prospecting,ES10
Geophysical Research Letters,ES10
Geoscience Data Journal,ES00
Geostandards & Geoanalytical Research,ES13
Global Biogeochemical Cycles,ES10
Greenhouse Gases: Science and Technology,CG00
International Journal of Osteoarchaeology,AN30
Island Arc,ES10
Journal of Advances in Modeling Earth Systems,ES50
Journal of Geophysical Research,ES50
Journal of Geophysical Research: Atmospheres,ES50
Journal of Geophysical Research: Biogeosciences,ES1A
Journal of Geophysical Research: Earth Surface,ES17
Journal of Geophysical Research: Oceans,ES30
Journal of Geophysical Research: Planets,PH10
Journal of Geophysical Research: Solid Earth,ES10
Journal of Geophysical Research: Space Physics,PH10
Journal of Metamorphic Geology,ES13
Journal of Petroleum Geology,ES11
Journal of Plant Nutrition and Soil Science/ Zeitschrift Fuer Pflanzenernaehrung Und Bodenkunde,LS90
Lethaia,ES1A
Limnology and Oceanography,ES30
Limnology and Oceanography: Bulletin,ES30
Limnology and Oceanography: Fluids and Environment,ES30
Limnology and Oceanography: Methods,ES30
Meteoritics & Planetary Science,ES13
Palaeontology,ES1A
Paleoceanography,ES30
Paleoceanography and Paleoclimatology,ES30
Papers in Palaeontology,ES1A
Polar Research,ES17
Radio Science,EE40
Resource Geology,ES11
Reviews of Geophysics,PHE0
River Research and Applications,ES70
Sedimentology,ES16
Soil Use and Management,ES18
Space Weather,PH10
Space Weather Quarterly,PH10
Tectonics,ES14
Terra Nova,ES10
The Depositional Record,ES16
Water Resources Research,ES70
Wiley Interdisciplinary Reviews: Water,ES00
Wiley Interdisciplinary Reviews: Water,LS00
African Journal of Ecology,LS20
Animal Conservation,LS2K
Applied Vegetation Science,LS20
Austral Ecology,LS20
Conservation,LS2K
Conservation Biology,LS2K
Conservation Letters (Electronic),LS2K
Diversity and Distributions,LS2K
Ecography,LS20
Ecological Applications,LS20
Ecological Management & Restoration,LS20
Ecological Monographs,LS20
Ecology,LS20
Ecology and Evolution,LS20
Ecology Letters,LS20
Ecology of Freshwater Fish,LS20
Ecosphere,LS20
Ecosystem Health and Sustainability,LS20
Entomologia Experimentalis Et Applicata,LSC0
Frontiers in Ecology and the Environment,LS20
Functional Ecology,LS20
Global Ecology and Biogeography,LS20
Insect Molecular Biology,LSC0
Journal of Animal Ecology,LS24
Journal of Applied Ecology,LS2H
Journal of Ecology,LS23
Journal of Vector Ecology,LS85
Journal of Vegetation Science,LS20
Marine Ecology,LS20
Methods in Ecology and Evolution,LS21
Molecular Ecology,LS40
Molecular Ecology Resources,LS40
Oikos,LS20
Remote Sensing in Ecology and Conservation,LS2K
Restoration Ecology,LS2D
The Bulletin of the Ecological Society of America,LS20
Agribusiness: An International Journal,AG20
Agricultural Economics,AG20
Annals of Public and Cooperative Economics,EC60
Asia & the Pacific Policy Studies,EC00
Asian Economic Journal,EC00
Asian Economic Policy Review,EC00
Asian-Pacific Economic Literature,EC00
Australian Economic Papers,EC00
Australian Journal of Agricultural & Resource Economics,AG20
Bulletin of Economic Research,EC00
Canadian Journal of Agricultural Economics,AG20
Canadian Journal of Economics,EC00
China and World Economy,EC00
Contemporary Economic Policy,EC60
Econometrica,EC30
Economic Affairs,EC00
Economic Inquiry,EC00
Economic Notes,EC90
Economic Outlook,EC00
Economic Papers: A Journal of Applied Economics and Policy,EC00
Economic Policy,EC00
Economica,EC00
Economics & Politics,EC80
Eurochoices,AG20
German Economic Review,EC00
International Economic Review,EC40
International Journal of Economic Theory,EC05
Journal of Agricultural Economics,AG20
Journal of Applied Econometrics,EC30
Journal of Economic Surveys,EC00
Journal of Public Economic Theory,EC60
Journal of the European Economic Association,EC00
Kyklos International Review of Social Sciences,EC00
Managerial and Decision Economics,EC00
Metroeconomica,EC05
Oil and Energy Trends,ECD0
Oil and Energy Trends: Annual Statistical Review,ECD0
Opec Energy Review,ECD0
Oxford Bulletin of Economics & Statistics,EC00
Oxonomics,EC00
Pacific Economic Review,EC00
Perspektiven Der Wirtschaftspolitik,EC00
Quantitative Economics,EC00
Real Estate Economics,BAD0
Review of Income and Wealth,EC00
Review of International Economics,FI04
Scottish Journal of Political Economy,EC00
Southern Economic Journal,EC00
The Australian Economic Review,EC00
The Econometrics Journal,EC30
The Economic Journal,EC00
The Economic Record,EC00
The Economics of Transition,EC00
The Japanese Economic Review,EC00
The Journal of Industrial Economics,EC00
The Manchester School,EC00
The Rand Journal of Economics,EC00
The Review of Economic Studies,EC00
The Scandinavian Journal of Economics,EC00
The South African Journal of Economics,EC00
The World Economy,EC00
Theoretical Economics,EC00
World Oil Trade,ECD0
About Campus,ED20
Ashe Higher Education Report,ED20
Assessment Update,ED22
Biochemistry and Molecular Biology Education,LS36
British Educational Research Journal,ED00
British Journal of Educational Technology,ED18
British Journal of Special Education,ED70
Campus Legal Advisor,ED20
Campus Security Report,ED20
College Athletics and the Law,ED20
Curriculum Inquiry,ED60
Deafness and Education International,HED0
Dean & Provost,ED20
Department Chair,ED21
Development and Alumni Relations Report,ED20
Disability Compliance For Higher Education,ED20
Educational Measurement: Issues and Practice,ED04
Educational Philosophy and Theory,PLB0
Educational Theory,ED03
English in Education,ED80
Enrollment Management Report,ED20
European Journal of Education,ED00
Higher Education Abstracts,ED20
Higher Education FERPA Bulletin,ED20
Higher Education Quarterly,ED20
International Journal of Art & Design Education,ED66
Journal of Adolescent & Adult Literacy,ED80
Journal of Computer Assisted Learning,ED00
Journal of Educational Measurement,ED04
Journal of Legal Studies Education,LA12
Journal of Philosophy of Education,PLB0
Journal of Research in Reading,ED80
Journal of Research in Science Teaching,ED64
Journal of Research in Special Educational Needs,ED70
Literacy,ED80
New Directions For Adult & Continuing Education,ED26
New Directions For Community Colleges,ED27
New Directions For Evaluation,ST60
New Directions For Higher Education,ED20
New Directions For Institutional Research,ED04
New Directions For Student Services,ED25
New Directions For Teaching & Learning,ED23
Reading Research Quarterly,ED80
Recruiting & Retaining Adult Learners,ED20
Review of Education,ED00
School Science and Mathematics,ED64
Science Education,ED64
Strategic Enrollment Management Quarterly,ED21
Student Affairs Today,ED20
Student Aid News,ED00
Support For Learning,ED70
The Journal of Competency-Based Education,ED20
The National Teaching & Learning Forum,ED23
The Reading Teacher: A Journal of Research-Based Classroom Practice,ED80
The Successful Registrar,ED20
To Improve the Academy,ED23
Women in Higher Education,ED20
Advanced Control for Applications,EE30
Asian Journal of Control,EE30
Biosurface and Biotribology,EE00
Carbon Energy,EG00
Chinese Journal of Electronics,EE00
Climate Resilience and Sustainability,EN10
Computer Applications in Engineering Education,CS00
Electrical Engineering in Japan,EG40
Electronics & Communications in Japan,EE10
Electronics and Communications in Japan,EE10
Electronics Letters,EE00
Energy Conversion and Economics,EE00
Energy Science & Engineering,EG40
Engineering Biology,EE00
European Transactions on Electrical Power,EG40
Healthcare Technology Letters,EE00
High Voltage,EE00
Ieej Transactions on Electrical and Electronic  Engineering,EE00
"IET Circuits, Devices & Systems",EE00
IET Communications,EE00
IET Computer Vision,EE00
IET Control Theory & Applications,EE00
IET Cyber-Physical Systems: Theory & Applications,EE00
IET Cyber-Systems and Robotics,EE00
IET Electric Power Applications,EE00
IET Electrical Systems in Transportation,EE00
IET Energy Systems Integration,EE00
"IET Generation, Transmission & Distribution",EE00
IET Image Processing,EE00
IET Intelligent Transport Systems,EE00
"IET Microwaves, Antennas & Propagation",EE00
IET Nanobiotechnology,EE00
IET Nanodielectrics,EE00
IET Optoelectronics,EE00
IET Power Electronics,EE00
IET Quantum Communication,EE00
"IET Radar, Sonar & Navigation",EE00
IET Renewable Power Generation,EE00
"IET Science, Measurement & Technology",EE00
IET Signal Processing,EE00
IET Smart Cities,EE00
IET Smart Grid,EE00
IET Systems Biology,EE00
IET Wireless Sensor Systems,EE00
Incose International Symposium,EE90
INSIGHT,EE90
International Journal of Adaptive Control and Signal Processing,EE30
International Journal of Circuit Theory and Applications,EE00
International Journal of Communication Systems,EE20
"International Journal of Numerical Modelling: Electronic Networks, Devices and Fields",EE00
International Journal of Rf and Microwave  Computer-Aided Engineering,EE20
International Journal of Robust and Nonlinear Control,EE30
International Journal of Satellite Communications and Networking,EE28
Internet Technology Letters,EE20
Journal of Engineering Education,EE00
Journal of Field Robotics  (Formerly  Journal of Robotic Systems),EE00
Journal of the Society for Information Display,EEH0
Micro & Nano Letters,EE00
Microwave and Optical Technology Letters,EE20
Optik & Photonik,PH40
Optimal Control Applications and Methods,EE30
Progress in Photovoltaics: Research & Applications,EG34
Quality and Reliability Engineering International,ST23
Quantum Engineering,EEF3
Security and Communication Networks,EE23
Security and Privacy,EE20
SID Symposium Digest of Technical Papers,EEH0
Systems Engineering,EE90
The Journal of Engineering,EE00
Transactions on Emerging Telecommunications Technologies,EE20
Wiley Interdisciplinary Reviews: Energy and Environment,EG40
Wind Energy,EG35
Wireless Communications & Mobile Computing,EE25
Academic Emergency Medicine,MD70
Acute Medicine & Surgery,MD70
Aem Education and Training,MD70
Emergency Medicine Australasia,MD70
Journal of Japanese Association for Acute Medicine,MD70
Andrologia,MDW1
Andrology,MDW1
Clinical Endocrinology,MD80
Clinical Obesity,MD83
Diabetes Obesity & Metabolism,MD81
Diabetes/Metabolism: Research and Reviews,MD81
Diabetic Medicine,MD81
"Endocrinology, Diabetes & Metabolism",EDM2
"Endocrinology, Diabetes & Metabolism",MD00
European Diabetes Nursing,MD81
International Journal of Andrology,MDW1
Journal of Diabetes,MD81
Journal of Neuroendocrinology,LSA4
Obesity,MD83
Obesity Reviews,MD83
Obesity Science & Practice,MD83
Pediatric Diabetes,MD81
Pediatric Obesity,MD83
Practical Diabetes International (Incorporating Cardiabetes),MD81
Advanced Sustainable Systems,EN00
Atmospheric Science Letters,ES50
Biotropica,LS27
Earth's Future,EN10
Environmental Quality Management,EN40
GeoHealth,EN00
Integrated Environmental Assessment and Management,EN61
International Journal of Climatology,ES50
Journal of Contemporary Water Resource & Education,EN60
Journal of Industrial Ecology,EN60
Lakes & Reservoirs: Research and Management,EN40
Land Degradation and Development,ES1B
Limnology and Oceanography eLectures,EN60
Meteorological Applications,ES50
Natural Gas & Electricity (Previously: Natural Gas),ECD0
Natural Resource Modeling,MA21
Natural Resources Forum,DS00
Remediation,EN40
Tellus A,ES53
Tellus B,ES53
The Quarterly Journal of the Royal Meteorological Society,ES50
Water and Environment Journal,ES73
Weather,ES50
Wiley Interdisciplinary Reviews - Climate Change,ES50
Evidence-Based Child Health: A Cochrane  Review Journal,MDL0
International Journal of Evidence Based Healthcare,NUC0
Journal of Evidence Based Medicine,MD02
Evolution Letters,LS40
Evolutionary Anthropology,LS41
Journal of Systematics Evolution,LS40
Australian and New Zealand Journal of Family Therapy,PS81
Child Abuse Review,PS32
"Child: Care, Health and Development",FA00
Children & Society,PS32
Developmental Psychobiology,PS30
Family Process,FA00
Family Relations,FA00
Infancy,PS31
Infant Mental Health Journal,PS31
Journal of Family Theory & Review,FA00
Journal of Family Therapy,PS81
Journal of Marital and Family Therapy,PS81
Journal of Marriage and Family,FA00
New Directions For Child & Adolescent Development,FAZ0
Psychology in the Schools,PS60
The Brown University Child and Adolescent  Behavior Letter,PS78
Asia-Pacific Journal of Financial Studies,FI00
European Financial Management,FI10
Financial Accountability & Management,FI00
Financial Management,FI00
"Financial Markets, Institutions & Instruments",FI00
Financial Planning Review,FI20
Financial Review,FI00
International Finance,FI04
International Journal of Finance & Economics,EC00
International Review of Finance,FI00
Journal of Applied Corporate Finance,FI10
Journal of Contingencies and Crisis Management,PO00
"Journal of Money, Credit and Banking",EC10
Journal of Risk and Insurance,FI60
Mathematical Finance,MA22
Review of Behavioral Finance,FI04
Review of Financial Economics,EC90
Risk Analysis,MA81
Risk Management and Insurance Review,FI60
The Journal of Finance,FI00
The Journal of Financial Research,FI00
The Journal of Futures Markets,FI00
Wilmott Journal,FI50
Wilmott Magazine,FI50
World Banking Abstracts,FI05
Australian Journal of Grape and Wine Research,FO37
Cereal Chemistry,FO31
Comprehensive Reviews in Food Science and Food Safety,FO00
Current Protocols in Food Analytical Chemistry,FO00
EFSA Journal,FO00
EFSA Supporting Publications,FO00
Food Science & Nutrition,FO00
International Journal of Dairy Technology,FO00
International Journal of Food Science & Technology,FO00
Journal of Food Biochemistry,FO00
Journal of Food Process Engineering,FO00
Journal of Food Processing and Preservation,FO00
Journal of Food Quality,FO00
Journal of Food Safety,FO00
Journal of Food Science,FO00
Journal of Food Science Education (Electronic),FO00
Journal of Muscle Foods,FO00
Journal of Sensory Studies,FO00
Journal of Texture Studies,FO00
Journal of the Institute of Brewing,FO00
Legume Science,FO00
Lipid Technology,FO34
Lipids,FO34
Quality Assurance & Safety of Crops & Food,FO26
Advances in Digestive Medicine,MDU4
Alimentary Pharmacology & Therapeutics,MD90
Clinical Liver Disease,MD93
Colorectal Disease,MDU0
Digestive Endoscopy,MD92
Diseases of the Esophagus,MD91
GastroHep,MD90
Helicobacter,MD90
Hepatology,MD93
Hepatology Communications,MD93
Hepatology Research,MD93
Inflammatory Bowel Diseases,MD91
JGH Open,MD90
Journal of Digestive Diseases,MD91
Journal of Gastroenterology and Hepatology,MD90
Journal of Viral Hepatitis,MD90
Liver International,MD93
Neurogastroenterology & Motility,MD90
United European Gastroenterology Journal,MD91
DEN Open,MD91
Clinical and Translational Medicine,MD04
Clinical Case Reports,MDA0
Cochlear Implants International,HED0
Cochrane Library,MD02
Internal Medicine Journal,MDA0
Journal of General and Family Medicine,MDA2
Lifestyle Medicine,MDA0
MedComm,MD04
Precision Medical Sciences,MD04
The Laryngoscope,MDU6
Cardiabetes,MD81
Dialysis & Transplantation,MDE0
European Journal of Clinical Investigation,MDA0
Future Prescriber,MD00
Health Science Reports,HE00
health-science-reports_HSR,MDA0
Hiv Medicine,MDD2
HLA,MD52
International Journal of Clinical Practice,MDA0
Journal of Hospital Medicine,MDA0
Journal of Internal Medicine,MDA0
Journal of Tissue Engineering and Regenerative  Medicine,MD52
Medical Education,MD06
Medical Journal of Australia,MDA0
Mount Sinai Journal of Medicine: A Journal of Personalized and Translational Medicine,MD00
Prescriber,MD00
The Clinical Teacher,MD06
The Hospitalist,MDA0
Trends in Urology Gynaecology & Sexual Health,MDW0
World Psychiatry,MD00
Art History,AA10
Oxford Today,BA00
The Art Book,AA00
Agricultural and Forest Entomology,LSC0
American Journal of Human Biology,LS20
American Journal of Primatology,LS02
Annals of Applied Biology,LS90
Annals of the New York Academy of Sciences,LS00
Bioelectromagnetics,PHD0
Biological Journal of the Linnean Society,LS40
Biological Reviews,LS00
Biologie in Unserer Zeit (Biuz),LS00
Biotechnology & Bioengineering,LS35
Biotechnology and Applied Biochemistry,LS35
Biotechnology Journal,LS35
Biotechnology Progress,LS35
Developmental Dynamics, > 
Engineering in Life Sciences,LS35
European Journal of Lipid Science and Technology,FO34
Evidence-based Preclinical Medicine,LS00
FASEB BioAdvances,LS01
Feddes Repertorium,LS90
Forschung,LS00
Fossil Record-Mitteilungen Aus Dem Museum Fuer  Naturkunde,ES1A
Fossils and Strata,LS00
Freshwater Biology,LS20
GCB Bioenergy,LS35
Gene Function & Disease,LS00
German Research,LS00
Global Change Biology,LS2K
human_ontogenetics,AN30
Imaging & Microscopy (Electronic),CH1A
Infocus Magazine,CH1A
International Review of Hydrobiology,LS29
Iubmb Life,LS30
Journal of Basic Microbiology,MDD3
Journal of Experimental Zoology Part B: Molecular and Developmental Evolution,LS00
Lebensmittelchemie,FO25
Microbial Biotechnology (Electronic),LS50
Microscopy and Analysis - Americas,LSB0
Microscopy and Analysis - Asia/Pacific,CH1A
Microscopy and Analysis - Europe,LS00
Microscopy and Analysis - Uk,CH1A
Mitteilungen Aus Dem Museum Fuer Naturkunde in  Berlin-Deutsche Entomologische Zeitschrift,LSC0
Molecular Nutrition & Food Research (Formerly Nahrung/Food),FO00
"Plants, People, Planet",LS90
Synthetic Biology (Electronic),ED00
The FASEB Journal,LS01
The Journal of Experimental Zoology,LS20
Zoo Biology,LS80
Zoosystematics and Evolution - Mitteilungen Aus Dem Museum Fur Naturkunde Zu Berlin,LS44
American Journal of Medical Genetics,LS63
American Journal of Medical Genetics B,LS63
American Journal of Medical Genetics C,LS63
American Journal of Medical Genetics Part A,LS63
Annals of Human Genetics,LS61
Birth Defects Research,LS63
Birth Defects Research,LS63
Birth Defects Research Part A: Clinical and Molecular Teratology,LS61
Birth Defects Research Part B: Developmental and Reproductive Toxicology,LS63
Birth Defects Research Part C: Embryo Today Reviews,LS63
Cladistics,LS41
Clinical Genetics,MD1A
Congenital Anomalies,LS60
Current Protocols in Bioinformatics,LSG0
Current Protocols in Human Genetics,LS60
Development Growth & Differentiation,MD13
Environmental and Molecular Mutagenesis,LS60
Evolution,LS41
Evolution and Development,LS40
Genesis: the Journal of Genetics and Development,LS30
Genetic Epidemiology,LS61
Human Mutation,LS60
Journal of Evolutionary Biology,LS40
Journal of Genetic Counseling,LS61
Molecular Genetics & Genomic Medicine,LS60
Prenatal Diagnosis,MDG0
The Journal of Gene Medicine,MD51
Antipode,GE00
Area,GE00
Asia Pacific Viewpoint,GE00
Bulletin of Latin American Research,GE00
Business Strategy and the Environment,DS00
Corporate Social Responsibility and Environmental Management,DS00
Economic Geography,GE2B
Environmental Policy and Governance,DS00
Focus on Geography,GE00
Geo: Geography and Environment,GE00
Geografiska Annaler Series A: Physical Geography,GE00
Geografiska Annaler Series B: Human Geography,GE00
Geographical Analysis,GE01
Geographical Research,GE00
Geographical Review,GE20
Geography Compass (Electronic),GE00
Growth and Change,DS80
Journal of Biogeography,LS2K
Journal of International Development,DS00
Journal of Quaternary Science,ES19
Journal of Regional Science,DS80
New Zealand Geographer,GE00
Papers in Regional Science,GE70
Permafrost and Periglacial Processes,ES17
"Population, Space and Place (Previously:-Int Journal of Population Geography)",GE00
Regional Science Policy and Practice,GE00
Singapore Journal of Tropical Geography,GE00
Sustainable Development,DS00
The Canadian Geographer/Le Geographe Canadien,GE00
The Geographical Journal,GE00
The Latin Americanist,PO16
The Photogrammetric Record,ES1C
Tijdschrift Voor Economische En Sociale Geografie,GE00
Transactions in Gis,ES1C
Transactions of the Institute of British Geographers,GE00
Aging Medicine,MDB0
Australasian Journal on Ageing,MDB0
Geriatrics & Gerontology International,MDB0
Journal of American Geriatrics Society,MDB0
Psychogeriatrics,MDB0
Alcoholism,HE61
American Journal of Industrial Medicine,HE56
Australian and New Zealand Journal of Public Health,HE52
Australian Journal of Rural Health,HEZ0
Drug and Alcohol Review,HE60
Focus on Alternative and Complementary Therapies An Evidence-Based Approach,HE11
Health & Social Care in the Community,HE10
Health Economics,EC61
Health Expectations,HE10
Health Information & Libraries Journal,HE10
Health Promotion Journal of Australia,HE52
Health Services Research,HE00
International Journal of Health Planning and  Management,HE53
Journal For Healthcare Quality,HE30
Journal of Evaluation in Clinical Practice,HE10
Journal of Healthcare Risk Management,HE06
Journal of School Health,FA10
Perspectives on Sexual and Reproductive Health,SOG0
Studies in Family Planning,SOG0
The Journal of Continuing Education in the  Health Professions,MD06
The Journal of Rural Health,HE10
The Milbank Quarterly,HE00
Value in Health,HE50
Advances in Cell & Gene Therapy ,MDC0
American Journal of Hematology,MDC0
British Journal of Haematology,MDC0
European Journal of Haematology,MDC0
Haemophilia,MDC0
International Journal of Laboratory Hematology,MDC2
Isbt Science Series: the International Journal of Intracellular Transport,MDC1
Journal of Clinical Apheresis,MDC0
Journal of Thrombosis and Haemostasis,MDC0
Microcirculation,MD40
Research and Practice in Thrombosis and Haemostasis,MDC3
Transfusion,MDC0
Transfusion Alternatives in Transfusion Medicine,MDC1
Transfusion Medicine,MDC1
Vox Sanguinis,MDC1
Annual Bulletin of Historical Literature,HI00
Australian Economic History Review,EC06
Australian Journal of Politics and History,PO00
Centaurus,HI60
Diplomatic History,HIA0
Early Medieval Europe,HI04
Economic History Review,EC06
Gender & History,HI71
Historical Research,HI00
History,HI00
History and Theory,HI00
History Compass (Electronic),HI00
History of Education Quarterly,HI70
Journal For Eighteenth-Century Studies,HI06
Journal of Religious History,HI80
Journal of Supreme Court History,HI30
Parliamentary History,HI44
Renaissance Studies,HI48
The Historian,HI00
The Journal of the Historical Society,HI00
Chemistry & Industry,CH30
Journal of Surfactants and Detergents,CH34
Journal of the American Oil Chemists' Society,CH30
Mining Report,IE00
Packaging Technology and Science,IE40
Influenza and Other Respiratory Viruses,MDD2
Journal of International AIDS Society,MDD2
Journal of Travel Medicine,MDD5
Tropical Medicine & International Health,MDD2
Advanced Intelligent Systems,EE70
Information Systems Journal,ED30
International Journal of Intelligent Systems,CS30
Learned Publishing,ED30
Proceedings of the American Society For Information Science & Technology (Electronic),CS00
The Electronic Journal of Information Systems in Developing Countries,ED30
View,BEZ0
Wiley Interdisciplinary Reviews - Data Mining and Knowledge Discovery,ED30
British Journal of Learning Disabilities,HEH0
Journal of Applied Research in Intellectual Disabilities,HEH0
Journal of Intellectual Disability Research,HEH0
Journal of Policy and Practice in Intellectual Disabilities,HEH0
Learning Disabilities Research & Practice,ED72
Die Unterrichtspraxis/Teaching German,LG20
Foreign Language Annals,LG20
International Journal of Applied Linguistics,LG20
Journal of Sociolinguistics,LG21
Language Learning,LG20
Linguistics & Language Compass (Electronic),LG00
Linguistics Abstracts,LG00
Modern Language Journal,LG20
Studia Linguistica,LG00
Syntax,LG11
TESOL Journal,LG26
TESOL Quarterly,LG26
Transactions of the Philological Society,LG00
World Englishes,LG55
Alternatives To the High Cost of Litigation,LA57
American Business Law Journal,LA12
European Law Journal,LA00
Family Court Review,LA10
Journal of Empirical Legal Studies,LA00
Journal of Law and Society,LA00
"Journal of Law, Medicine & Ethics",LA1E
Juvenile and Family Court Journal,LA10
Law & Policy,LA00
Law & Social Inquiry,LA00
Law & Society Review,LA00
Legal Studies,LA00
Management Report For Nonunion Organizations,BA51
Negotiation Journal,LA55
Ratio Juris,LA00
Review of European Community & International Enviromental Law,LA00
The Journal of World Intellectual Property,LA00
The Modern Law Review,LA00
Critical Quarterly,LT00
English Literary Renaissance,LT40
German Life and Letters,LT60
Leviathan,LT50
Literature Compass (Electronic),LT00
Milton Quarterly,LT40
Orbis Literarum,LT00
Poe Studies,LT50
Steinbeck Review,LT50
The F. Scott Fitzgerald Review,LT50
The German Quarterly,CU00
The Mark Twain Annual,LT50
The Russian Review,CU00
The Yale Review,LT00
Advanced Biosystems,MS00
Advanced Electronic Materials,MS40
Advanced Energy Materials,MS00
Advanced Engineering Materials,MS00
Advanced Functional Materials,MS00
Advanced Healthcare Materials,MS00
Advanced Materials,MS00
Advanced Materials Interfaces,MS80
Advanced Materials Technologies,MS00
Advanced Optical Materials,MS00
Advanced Science,MS00
Advanced Theory and Simulations,MS90
Aggregate,MS00
Analytical Science Advances,MSA0
Ceramic Engineering and Science Proceedings,MS20
Chemical Vapor Deposition,MS00
"Chemnanomat Chemistry of Nanomaterials For Energy, Biology",NT20
EcoMat,MS00
Energy & Environmental Materials,CHA1
Fatigue & Fracture of Engineering Materials and Structures,ME60
InfoMat,MS00
International Journal of Applied Ceramic Technology,MS20
International Journal of Applied Glass Science,MS20
Journal of the American Ceramic Society,MS20
Journal of Vinyl & Additive Technology,MS00
Materials and Corrosion/Werkstoffe Und Korrosion,MS70
Materialwissenschaft Und Werkstofftechnik,MS00
Medical Devices & Sensors,MS00
Particle & Particle Systems Characterization,CH30
Polymer Composites,MSF0
Polymer Crystallization,PHF0
Polymer Engineering & Science,PY00
Small,NT00
Small methods,MS00
SmartMat,MS00
Solar RRL,MS00
Sports Technology,ME00
Steel Research International,MS00
Surface and Interface Analysis,MS80
SusMat,MS00
Communications on Pure & Applied Mathematics,MA20
Complexity,MAB0
Gamm - Mitteilungen,MA00
Journal of Combinatorial Designs,MA00
Journal of Graph Theory,MAD0
Mathematical Methods in the Applied Sciences,MA81
Mathematische Nachrichten,MA00
Networks: An International Journal,MA20
Numerical Linear Algebra With Applications,MA11
Numerical Methods For Partial Differential  Equations,MA32
Proceedings in Applied Mathematics & Mechanics,MA00
Random Structures and Algorithms,MA90
Studies in Applied Mathematics,MA20
Zamm-Zeitschrift Fuer Angewandte Mathematik Und  Mechanik,MA00
Experimental Techniques,ME00
Heat Transfer - Asian Research  (Formerly  Heat Transfer-Japanese Research),ME00
Human Factors and Ergonomics in Manufacturing,ME00
International Journal For Numerical Methods in Engineering,MEA0
International Journal For Numerical Methods in Fluids,MEA0
International Journal of Numerical Methods in Biomedical Engineering,MEA0
Lubrication Science,ME00
Material Design & Processing Communications,ME10
Strain,MSA0
Addiction,ED67
Addiction Biology,LSA0
The American Journal on Addictions,HE60
The Brown University Digest of Addiction Theory  and Application,HE60
Cellular Microbiology,LS50
Clinical Microbiology and Infection,MDD0
Current Protocols in Microbiology,LS50
Environmental Microbiology,LS22
Environmental Microbiology Reports,LS22
Fems Microbiology Ecology,LS22
Fems Microbiology Letters,LS50
Fems Microbiology Reviews,LS50
Fems Yeast Research,LS50
Journal of Applied Microbiology,LS54
Journal of Medical Primatology,MD60
Journal of Medical Virology,MDD0
Letters in Applied Microbiology,LS54
Microbiology and Immunology,LS50
MicrobiologyOpen,LS50
Molecular Microbiology,LS52
New Microbes and New Infections,MDD0
Pathogens and Disease,LS50
Reviews in Medical Virology,MDD2
The Journal of Eukaryotic Microbiology,MDD3
Yeast,LS50
Curator The Museum Journal,AA40
Museum International,AA40
Museum International Edition Francaise,AA40
Journal of Interdisciplinary Nanomedicine,NT40
Wiley Interdisciplinary Reviews - Nanomedicine and  Nanobiotechnology,NT50
Hemodialysis International,MDE0
Nephrology,MDE0
Seminars in Dialysis,MDE0
Therapeutic Apheresis and Dialysis,MDE0
Acta Neurologica Scandinavica,MDF0
Annals of Clinical and Translational Neurology,MDF0
Annals of Neurology,MDF0
Brain and Behavior,MDF0
Developmental Medicine & Child Neurology,MDF0
Epilepsia,MDF0
Epilepsia Open,MDF1
Epilepsy Currents,MDF0
Epileptic Disorders,MDF0
European Journal of Neurology,MDF0
Headache,MDF0
International Journal of Stroke,MDF0
Journal of Neuroimaging,MDF0
Journal of Sleep Research,MDF0
Journal of the Peripheral Nervous System,MDF0
Movement Disorders,MDF0
Movement Disorders Clinical Practice,MDF0
Muscle and Nerve,MDF0
Neurology and Clinical Neuroscience,MDF0
Neuromodulation,MDF0
Progress in Neurology and Psychiatry,MDF0
Sleep and Biological Rhythms,MDF0
World Stroke Academy,MDF0
Cns: Neuroscience and Therapeutics,LSA0
Current Protocols in Neuroscience,LS80
Developmental Disabilities Research Review,PS38
Developmental Neurobiology,LSA0
European Journal of Neuroscience,LSA0
"Genes, Brain and Behavior",LSA0
Glia,LSA0
Hippocampus,LSA0
Human Brain Mapping,LSA0
Journal of Neurochemistry,LSA0
Journal of Neuroscience Research,LSA0
Journal of Pineal Research,LSA0
Synapse,LSA0
The Journal of Comparative Neurology,LSA3
Wiley Interdisciplinary Reviews: Cognitive Science,PS22
AORN Journal,NU00
AORN Journal,NU00
International Journal of Mental Health Nursing,NUA0
International Journal of Nursing Practice,NU00
International Journal of Nursing Terminologies and  Classification,NU00
International Journal of Older People Nursing,NU00
International Journal of Urological Nursing,NU00
International Nursing Review,NU00
Japan Journal of Nursing Science,NU00
Journal For Specialists in Pediatric Nursing,NU90
Journal of Advanced Nursing,NU00
Journal of Child and Adolescent Psychiatric Nursing,NU00
Journal of Clinical Nursing,NU00
Journal of Forensic Nursing,NUA0
Journal of Nursing and Healthcare of Chronic Illne Ss: An International Interdisciplinary Journal,NU00
Journal of Nursing Management,NU00
Journal of Nursing Scholarship,NU00
"Journal of Obstetric, Gynecologic & Neonatal Nursing",NU95
Journal of Psychiatric & Mental Health Nursing,NU00
Journal of Renal Care,NU00
Journal of the American Academy of Nurse Practitioners,NUD0
Journal of the American Association of Nurse Practitioners,NUD0
Nurse Author & Editor,N/A
Nursing & Health Sciences,NU00
Nursing For Womens Health,NU95
Nursing Forum,NU00
Nursing in Critical Care,NU00
Nursing Inquiry,NU00
Nursing Open,NU00
Nursing Philosophy,NU00
Perspectives in Psychiatric Care,NU00
Public Health Nursing,NU42
Rehabilitation Nursing,NU00
Research in Nursing & Health,NU00
Scandinavian Journal of Caring Sciences,HE10
World Views on Evidence-Based Nursing,NUC0
Journal of Human Nutrition & Dietetics,HE82
Journal of Parenteral and Enteral Nutrition,HE80
Maternal & Child Nutrition,HE82
Nutrition & Dietetics,HE80
Nutrition Bulletin,HE82
Nutrition in Clinical Practice,HE80
Nutrition Reviews,HE80
Acta Obstetricia et Gynecologica Scandinavica,MDG0
Australian and New Zealand Journal of Obstetrics and Gynaecology,MDG0
Birth,NU95
Bjog: An International Journal of Obstetrics & Gynaecology,MDG0
International Journal of Gynecology & Obstetrics,MDG0
Journal of Midwifery and Women's Health,NU00
Journal of Obstetrics and Gynaecology Research (Electronic),MDG0
Neurourology and Urodynamics,MDW0
Reproductive Medicine and Biology,MDG0
The Obstetrician & Gynaecologist,MDG1
Ultrasound in Obstetrics and Gynecology,MDG0
Asia-Pacific Journal of Clinical Oncology,MDH0
CA: A Cancer Journal For Clinicians,MDH0
Cancer,MDH0
Cancer Communications,MDH3
Cancer Cytopathology,MDH0
Cancer Medicine,MDH0
Cancer Reports,MDH0
Cancer Science,MDH0
Cytopathology,MDK0
European Journal of Cancer Care,HE10
"Genes, Chromosomes and Cancer",MDH0
Head & Neck: Journal For the Sciences &  Specialties of the Head and Neck,MDU0
Hematological Oncology,MDC0
International Journal of Cancer,MDH0
Journal of Surgical Oncology,MDH0
Molecular Carcinogenesis,MDH0
Pediatric Blood & Cancer,MDH0
Precision Radiation Oncology,MDH0
Psycho-Oncology,MDH1
Puz - Verzeichnis,MDH0
The Breast Journal,MD20
The Oncologist,MDH0
The Prostate,MDW0
Thoracic Cancer,MDH0
Acta Ophthalmologica,MDJ1
Clinical & Experimental Ophthalmology,MDJ0
Clinical and Experimental Optometry,MDJ2
Ophthalmic and Physiological Optics,HEG0
Laryngoscope Investigative Otolaryngology,MDU6
Basic and Applied Pathology (Electronic),MDK0
Brain Pathology,MDK0
Diagnostic Cytopathology,MDK0
Histopathology,MDK0
International Journal of Experimental Pathology,MDK0
Journal of Clinical Laboratory Analysis,MD10
Neuropathology,MDK0
Neuropathology & Applied Neurobiology,MDK0
Pathology International,MDK0
The Journal of Pathology,MDK0
The Journal of Pathology: Clinical Research,MD00
Acta Paediatrica,MDL0
Barnlakaren,MDL0
Journal of Paediatrics and Child Health,MDL0
Paediatric & Perinatal Epidemiology,HE10
Paediatric and Neonatal Pain,MDL0
Pediatric Anesthesia,MD30
Pediatrics International,MDL0
Journal of Popular Music Studies,AA80
Music Analysis,AA80
Current Protocols in Toxicology,CH63
Journal of Pharmacy and Pharmacology,CH60
Advanced Therapeutics,MDM0
Archives of Drug Information,MDM0
Autonomic & Autacoid Pharmacology,MDM0
Basic and Clinical Pharmacology & Toxicology,MDM0
Biopharmaceutics & Drug Disposition,CH62
British Journal of Clinical Pharmacology,MDM0
British Journal of Pharmacology,MDM0
Clinical and Experimental Pharmacology and Physiology,MDM0
Clinical and Translational Science,MD10
Clinical Pharmacology & Therapeutics,MDM1
Clinical Pharmacology in Drug Development,MDM1
CPT: Pharmacometrics & Systems Pharmacology,MDM1
Current Protocols in Pharmacology,MDM0
Drug Development Research,MDM0
Fundamental & Clinical Pharmacology,MDM0
International Journal of Pharmacy Practice,MDM2
JACCP: Journal of the American College of Clinical Pharmacy,MDM0
Journal of Clinical Pharmacy & Therapeutics,MDM0
Journal of Pharmaceutical Health Services Research,MDM2
Journal of Pharmacy Practice and Research,MDM2
Neuropsychopharmacology Reports,MD00
Pharmacoepidemiology and Drug Safety,MDM0
Pharmacology Research & Perspectives,MDM0
Pharmacotherapy: The Journal of Human Pharmacology and Drug Therapy,MDM0
Phytotherapy Research,MDM0
The Brown University Child and Adolescent  Psychopharmacology Update,MDN4
The Brown University Geriatric Psychopharmacology  Update,MDM0
The Brown University Psychopharmacology Update,MDM0
The Journal of Clinical Pharmacology,MDM1
Traditional & Kampo Medicine,MDM0
Analytic Philosophy,PLA0
Aristotelian Society Supplementary Volume,PL00
Bioethics,PL22
Dialectica,PLA0
European Journal of Philosophy,PL10
Hastings Center Report,PL22
Hypatia,PLP0
Journal of Aesthetics and Art Criticism,PL70
Journal of Applied Philosophy,PL21
Journal of Chinese Philosophy,PL60
Journal of Social Philosophy,PLN0
Metaphilosophy,PL90
Midwest Studies in Philosophy,PL00
Mind & Language,PLG0
Nous,PL00
Pacific Philosophical Quarterly,PL00
Philosophical Forum,PL00
Philosophical Investigations,PL00
Philosophical Issues,PL00
Philosophical Perspectives,PL00
Philosophy and Phenomenological Research,PL12
Philosophy and Public Affairs,PLN0
Philosophy Compass (Electronic),PL00
Proceedings of the Aristotelian Society (Hardback),PL00
Ratio,PLA0
The Journal of Political Philosophy,PL50
The Philosophical Quarterly,PL00
The Southern Journal of Philosophy,PL00
,PL00
Thought,PL00
Batteries & Supercaps,CHA1
ChemPhotoChem,CH93
Advanced Quantum Technologies,PHG1
Annalen Der Physik,PH00
Contributions To Plasma Physics,PH00
Crystal Research and Technology,PH00
Fortschritte Der Physik/Progress of Physics,PH00
Global Challenges,SS50
Laser & Photonics Reviews,PH00
Laser Physics Letters,PH40
Laser Technik Journal,PH00
Physica Status Solidi - Rapid Research Letters,PH60
Physica Status Solidi (A) Applications and Materials Science,PH60
Physica Status Solidi (B) Basic Solid State  Physics,PH60
Physica Status Solidi (C) - Current Topics in Solid State Physics,PH60
Physik in Unserer Zeit (Phiuz),PH00
Physik Journal,PH00
Vakuum in Forschung Und Praxis,MS80
American Journal of Botany,LS90
Applications in Plant Sciences,LS90
Botanical Journal of the Linnean Society,LS90
Curtis's Botanical Magazine,LS90
Eppo Bulletin,LS90
Food and Energy Security,LS90
Forest Pathology,LS92
Journal of Integrative Plant Biology,LS90
Journal of Phycology,LS91
Journal of Phytopathology,LS92
Molecular Plant Pathology,LS90
New Phytologist,LS90
Nordic Journal of Botany,LS90
Phycological Research,LS91
Physiologia Plantarum,LS90
Plant Biology,LS90
Plant Biotechnology Journal,LS90
Plant Breeding,LS95
Plant Cell & Environment,LS90
Plant Direct,LS90
Plant Pathology,LS90
Plant Species Biology,LS90
The Plant Journal,LS90
"Africa Research Bulletin: Political, Social and Cultural Series",DS00
American Journal of Political Science,PO00
Asian Politics and Policy,PO14
British Journal of Politics & International Relations,PO00
Constellations: An International Journal of Critical and Democratic Theory,PO00
Digest of Middle East Studies,PO15
Ethics and International Affairs,PL25
European Journal of Political Research,PO00
European Journal of Political Research Political Data Yearbook,PO00
European Policy Analysis,POZ0
Foreign Policy Analysis,PO30
Global Networks,GE00
Global Policy,PO00
Governance,PO71
Government and Opposition,PO00
International Affairs,PO00
International Studies Perspectives,PO30
International Studies Quarterly,PO30
International Studies Review,PO30
JCMS: Journal of Common Market Studies,PO00
Latin American Politics and Society,PO16
Legislative Studies Quarterly,PO00
Middle East Policy,PO15
Nations and Nationalism,PO00
New Perspectives Quarterly,PO00
Pacific Focus,PO00
Peace & Change,PO34
Policy & Internet,PO70
Policy Studies Journal,PO70
Political Insight,PO00
Political Psychology,PS00
Political Science Quarterly,PO00
Political Studies,PO00
Political Studies Review,PO00
Politics,PO00
Politics & Policy,PO70
Poverty & Public Policy,PO70
Presidential Studies Quarterly,PO12
Public Policy Research,PO00
Regulation & Governance,PO00
Review of Policy Research,PO70
"Risk, Hazards & Crisis in Public Policy",PO70
Scandinavian Political Studies,PO00
Studies in Ethnicity and Nationalism,PO00
Swiss Political Science Review,PO00
The Political Quarterly,PO00
World Medical & Health Policy,PO70
Advances in Polymer Technology,PY10
Journal of Applied Polymer Science,PY00
Journal of Biomedical Materials Research,PY00
Journal of Biomedical Materials Research Part A,PY00
Journal of Biomedical Materials Research Part B: Applied Biomaterials,MS00
Journal of Polymer Science (In Two Sections),PY30
Journal of Polymer Science Part A: Polymer Chemistry,PY00
Journal of Polymer Science Part B: Polymer Physics,PY00
Macromolecular Bioscience,PY00
Macromolecular Chemistry and Physics,PY00
Macromolecular Materials & Engineering,PY00
Macromolecular Rapid Communications,PY00
Macromolecular Reaction Engineering,PY00
Macromolecular Symposia,PY00
Macromolecular Theory and Simulations,PY00
Plasma Processes and Polymers,PY00
Polymer International,PY00
Polymers For Advanced Technologies,PY10
Acta Neuropsychiatrica,MDN0
Acta Psychiatrica Scandinavica,MDN0
American Journal of Orthopsychiatry Interdis Perspec on Mental Health and Social Justi,PS72
Asia-Pacific Psychiatry,MDN0
Autism Research,MDN2
Bipolar Disorders,MDN0
Depression and Anxiety,MDN0
Early Intervention in Psychiatry,MDN0
Human Psychopharmacology: Clinical and  Experimental,MDN0
International Journal of Geriatric Psychiatry,MDN0
International Journal of Methods in Psychiatric Research,MDN0
Psychiatry and Clinical Neurosciences,MDN0
Aggressive Behavior,PSA0
Alcoholism and Drug Abuse Weekly,HE60
American Journal of Community Psychology,PS00
Analyses of Social Issues & Public Policy,PS40
Applied Cognitive Psychology,PS20
Applied Psychology,PS10
Applied Psychology: Health and Well-Being,PS10
Asian Journal of Social Psychology,PS40
Australian Journal of Psychology,PS00
Australian Psychologist,PS00
Behavioral Interventions,PS70
Behavioral Sciences & the Law,PS73
British Journal of Clinical Psychology,PS70
British Journal of Developmental Psychology,PS30
British Journal of Educational Psychology,PS60
British Journal of Health Psychology,PS72
British Journal of Mathematical and Statistical Psychology,PS90
British Journal of Psychology,PS00
British Journal of Psychotherapy,PS80
British Journal of Social Psychology,PS40
Child and Adolescent Mental Health,PS30
Child Development,PS30
Child Development Perspectives,PS30
Clinical Psychologist,PS00
Clinical Psychology and Psychotherapy (An International Journal of Theory & Practice),PS70
Clinical Psychology: Science and Practice,PS70
Cognitive Science - A Multidisciplinary Journal,PS22
Counselling and Psychotherapy Research,PS10
Criminal Behaviour and Mental Health,PS70
Developmental Science,PS30
Dyslexia,ED82
European Eating Disorders Review,PS70
European Journal of Personality,PS50
European Journal of Social Psychology,PS40
Industrial and Organizational Psychology,PS15
Infant and Child Development,PS30
International Journal of Applied Psychoanalytic  Studies,PS79
International Journal of Eating Disorders,PS70
International Journal of Language & Communication Disorders,LG22
International Journal of Psychology,PS00
Japanese Psychological Research,PS00
JCPP Advances,PS78
Journal For the Theory of Social Behaviour,PS40
Journal of Applied Behavior Analysis,PS72
Journal of Applied Biobehavioral Research,PS10
Journal of Applied Social Psychology,PS48
Journal of Clinical Psychology,PS70
Journal of Community & Applied Social Psychology,PS48
Journal of Community Psychology,PS00
Journal of Investigative Psychology and Offender  Profiling,PS70
Journal of Neuropsychology,PS74
Journal of Occupational and Organizational Psychology,PS15
Journal of Personality,PS50
Journal of Research on Adolescence,PS30
Journal of Social Issues,PS40
Journal of the Experimental Analysis of Behavior,PS00
Journal of the History of the Behavioral Sciences,HI00
Journal of Theoretical Social Psychology,PS40
Journal of Traumatic Stress,PS70
Legal and Criminological Psychology,PS73
Mental Health Weekly,HE70
"Mind, Brain, and Education",PS60
Monographs of the Society For Research in Child Development,PS30
New Directions For Youth Development,PS00
Personal Relationships,PS40
Personality and Mental Health,PS70
Personnel Psychology,PS15
PsyCh Journal,PS00
"Psychology and Psychotherapy: Theory, Research and Practice",PS80
Psychology of Women Quarterly,PS40
PsychologyOpen,PS00
Psychophysiology,PSA0
Psychotherapy and Politics International,PS80
Scandinavian Journal of Psychology,PS00
Social and Personality Psychology Compass,PS40
Social Development,PS30
Social Issues and Policy Review,PS40
Stress and Health (Formerly Stress Medicine),PS00
Suicide and Life-Threatening Behavior,HE70
The International Journal of Psychoanalysis,PS79
The Journal of Analytical Psychology,PS80
The Journal of Child Psychology and Psychiatry and  Allied Disciplines,PS30
Topics in Cognitive Science,PS22
Adultspan Journal,PS80
Counseling and Values,PS80
Counselor Education and Supervision,PS80
Journal of Addictions & Offender Counseling,PS80
Journal of College Counseling,PS80
Journal of Counseling & Development,PS80
Journal of Employment Counseling,PS80
Journal of Humanistic Counseling,PS80
Journal of Multicultural Counseling and Development,PS80
The Career Development Quarterly,PS80
Australasian Journal of Ultrasound in Medicine,MDP0
Clinical Physiology and Functional Imaging,MD1C
Contrast Media & Molecular Imaging,MDP0
Current Protocols in Magnetic Resonance Imaging,MDP3
Imaging Decisions,MDP0
International Journal of Imaging Systems and  Technology,MDP0
Journal of Applied Clinical Medical Physics,MDP0
Journal of Biophotonics,PH40
Journal of Clinical Ultrasound,MDP0
Journal of Magnetic Resonance Imaging,MDP0
Journal of Medical Imaging and Radiation Oncology,MDP0
Journal of Medical Radiation Sciences,MDP0
Journal of Microscopy,CH1A
Journal of Ultrasound in Medicine,MDP0
Magnetic Resonance in Medicine,MDP0
Medical Physics,MDP0
Microscopy Research and Technique,LSB0
NMR in Biomedicine,CH17
Scanning - the Journal of Scanning Microscopies,LSB0
Sonography,MDP0
Conversations in Religion & Theology,RE00
Crosscurrents,RE23
Dialog,RE32
International Journal of Systematic Theology,RE31
International Review of Mission,RE00
Journal For the Scientific Study of Religion,SO70
Journal of Religious Ethics,RE22
Modern Theology,RE32
New Blackfriars,RE30
Religion Compass (Electronic),RE00
Religious Studies Review,RE10
Reviews in Religion & Theology,RE00
Teaching Theology & Religion,RE00
The Ecumenical Review,RE00
The Heythrop Journal,RE00
The Muslim World,RE17
Zygon,RE25
Pediatric Pulmonology,MDQ0
Respirology,MDQ0
Respirology Case Reports,MDQ0
The Clinical Respiratory Journal,MDQ0
Arthritis & Rheumatism,MDR0
Arthritis Care and Research,MDR0
International Journal of Rheumatic Diseases,MDR0
Musculoskeletal Care,HE10
Physiotherapy Research International,HE90
The Rheumatologist,MDR0
Asian Social Work and Policy Review,SP30
Australian Journal of Social Issues,SP00
Child & Family Social Work,SP30
International Journal of Social Welfare,SP20
International Social Security Review,SP30
Internationale Revue Fur Soziale Sicherheit,SP30
Latin American Policy,PO16
Revista Internacional De Seguridad Social,SP30
Revue Internationale De Securite Sociale,SP30
Social Policy & Administration,SP00
American Journal of Economics and Sociology,EC06
Canadian Review of Sociology/Revue Canadienne De Sociologie,SO00
Family & Consumer Sciences Research Journal,FA00
"Gender, Work & Organisation",BA00
International Journal of Japanese Sociology,SO00
International Political Sociology,PO30
International Social Science Journal,SO00
Journal of Agrarian Change,DS00
Journal of Historical Sociology,SO20
Rural Sociology,SO00
Social Science Quarterly,PO00
Sociologia Ruralis,SO00
Sociological Forum,SO00
Sociological Inquiry,SO00
Sociological Methodology,SO90
Sociological Theory,SO00
Sociology Compass,SO00
Sociology of Health & Illness,SO80
Symbolic Interaction,SO00
The British Journal of Sociology,SO00
The Sociological Quarterly,SO00
The Sociological Review,SO00
Scandinavian Journal of Medicine & Science in Sports,MDT0
Translational Sports Medicine,MDT0
Applied Stochastic Models in Business and Industry,BA04
Australian & New Zealand Journal of Statistics,ST00
Biometrical Journal,MD03
Biometrics,ST21
Bulletin of the London Mathematical Society,MA00
Environmetrics,ST28
High Frequency,ST00
International Statistical Review,ST20
Journal of the London Mathematical Society,MA00
Journal of the Royal Statistical Society: Series A (Statistics in Society),ST20
Journal of the Royal Statistical Society: Series B (Statistical Methodology),ST10
Journal of the Royal Statistical Society: Series C (Applied Statistics),ST20
Journal of Time Series Analysis,STA0
Journal of Topology,MA60
Naval Research Logistics: An International  Journal,ST20
Pharmaceutical Statistics: the Journal of Applied  Statistics in the Pharmaceutical Industry,ST36
Proceedings of the London Mathematical Society,MA00
Proceedings of the London Mathematical Society,MA00
Research Synthesis Methods,ST00
Scandinavian Journal of Statistics,ST20
Significance,ST02
Stat,ST00
Statistica Neerlandica,ST10
Statistical Analysis and Data Mining,ST50
Statistics in Medicine,ST22
Teaching Statistics,ST00
The Canadian Journal of Statistics,ST00
Transactions of the London Mathematical Society,MA00
Transactions of the London Mathematical Society,MA00
Wiley Interdisciplinary Reviews - Computational Statistics,ST70
Annals of Gastroenterological Surgery,MDU0
Anz Journal of Surgery,MDU0
Asian Journal of Endoscopic Surgery,MDU0
BJS Open,MDU0
British Journal of Surgery,MDU0
Clinical Otolaryngology,MDU6
Hpb,MDU0
Journal of Cardiac Surgery,MD49
Journal of Hepato-Biliary-Pancreatic Sciences,MDU0
Lasers in Surgery and Medicine,MDU1
Liver Transplantation,MDV0
Microsurgery,MDU1
Orthopaedic Surgery,MDU0
Shoulder and Elbow,MDU8
Surgical Practice,MDU0
The International Journal of Medical Robotics  and Computer Assisted Surgery,MDU0
Wound Repair and Regeneration,MD60
Australian Occupational Therapy Journal,HEB0
Occupational Therapy International,HEB0
American Journal of Transplantation,MDV0
Artificial Organs,BE65
Clinical Transplantation,MDV0
Pediatric Transplantation,MDV0
Transplant Infectious Disease,MDV0
Transplant International,MDV0
Xenotransplantation,MDV0
City & Community,SO40
City & Society,AN00
International Journal of Urban and Regional Research,US00
Journal of Urban Affairs,US00
BJU International,MDW0
IJU Case Reports,MDW0
International Journal of Urology,MDW0
LUTS,MDW0
Sexual Medicine,MDS0
Sexual Medicine Reviews,MDS0
The Journal of Sexual Medicine,MDS0
Australian Veterinary Journal,VE00
Companion Animal,VE00
Equine Veterinary Education,VE40
Equine Veterinary Journal,VE40
In Practice,VE00
Journal of Animal Breeding and Genetics,LS67
Journal of Small Animal Practice,VE10
Journal of Veterinary Emergency and Critical Care,VE00
Journal of Veterinary Internal Medicine,VE00
Journal of Veterinary Pharmacology & Therapeutics,VE00
Livestock,VE00
Reproduction in Domestic Animals,VE00
Transboundary and Emerging Diseases,VE30
Veterinary Anaesthesia & Analgesia,VE02
Veterinary and Comparative Oncology,VE00
Veterinary Clinical Pathology,VE00
Veterinary Dermatology,VE06
Veterinary Medicine and Science,VE00
Veterinary Nursing Journal,VE90
Veterinary Ophthalmology,VE00
Veterinary Radiology & Ultrasound,VE08
Veterinary Record,VE00
Veterinary Record Case Reports,VE00
Veterinary Record Open,VE00
Veterinary Surgery,VE00
Zoonoses and Public Health,LS50
Acta Zoologica,LS80
Animal Genetics,LS67
Animal Models and Experimental Medicine,MD00
Animal Science Journal,LS84
Australian Journal of Entomology,LSC0
Ecological Entomology,LSC0
Entomological Research,LSC0
Entomological Science,LSC0
Ethology,LS81
Ibis,LSD0
Insect Conservation and Diversity,LSC0
Insect Science,LSC0
Integrative Zoology (Electronic),LS80
International Zoo Yearbook,LS80
Invertebrate Biology,LS85
Journal of Animal Physiology and Nutrition,AG41
Journal of Applied Entomology,LSC0
Journal of Avian Biology,LSD0
Journal of Field Ornithology,LS85
Journal of Zoological Systematics and Evolutionary  Research,LS80
Journal of Zoology,LS80
Mammal Review,LS80
Marine Mammal Science,LS85
Medical and Veterinary Entomology,LSC0
Physiological Entomology,LSC0
Systematic Entomology,LSC0
The Journal Of Wildlife Management,LS2K
Wildlife Monographs,LS2K
Wildlife Society Bulletin,LS2K
Zoologica Scripta,LS40
Zoological Journal of the Linnean Society,LS80
African Journal of Medicine and Medical Science,MD00
Campbell Systematic Reviews,DS00
Current Protocols in Bioinformatics,LS00
Current Protocols in Cell Biology,LS00
Current Protocols in Chemical Biology,LS00
Current Protocols in Cytometry,LS00
Current Protocols in Human Genetics,LS00
Current Protocols in Immunology,LS00
Current Protocols in Microbiology,LS00
Current Protocols in Mouse Biology,LS00
Current Protocols in Neuroscience,LS00
Current Protocols in Nucleic Acid Chemistry,LS00
Current Protocols in Pharmacology,LS00
Current Protocols in Plant Biology,LS00
Current Protocols in Protein Science,LS00
Current Protocols in Stem Cell Biology,LS00
Current Protocols in Toxicology,LS00
Current Protocols: Essential Laboratory Techniques,LS00
ETRI Journal,EE00
ETS Research Report Series,ST00
Evolutionary Applications (Electronic),LS40
"Journal of Cachexia, Sarcopenia and Muscle",MD00
Near Surface Geophysics,ES12
Pediatric Investigation,MD00
Voices,AN00
World Employment and Social Outlook,LS00